Applicant_Income,Credit_Score,Loan_Amount,Employment_Type,Loan_Term,Debt_to_Income_Ratio,Previous_Loan_Default,Loan_Purpose,Loan_Approved
141958,761,310116,Salaried,15,47.51328819694211,Yes,Car,Rejected
35795,769,397022,Salaried,30,17.60242837122459,No,Car,Approved
20860,789,369200,Self-Employed,5,32.91617972937877,No,Personal,Approved
123694,595,470706,Unemployed,10,27.560969367439043,No,Education,Rejected
148106,584,69975,Unemployed,25,14.688826312850825,Yes,Education,Rejected
139879,802,207795,Self-Employed,30,34.3065242607462,No,Personal,Approved
130268,631,466495,Salaried,5,56.03698251713177,No,Personal,Rejected
96820,805,259373,Self-Employed,5,12.002955952534723,No,Home,Approved
74886,746,454777,Self-Employed,10,24.573045674689695,No,Personal,Approved
26265,559,247133,Salaried,15,20.377046810285172,No,Education,Rejected
102386,835,400541,Salaried,5,21.907332683284814,No,Personal,Approved
148214,791,230225,Self-Employed,25,55.42172759396876,No,Home,Rejected
57194,800,345286,Salaried,5,33.40345271171451,No,Home,Approved
107498,554,339060,Salaried,25,33.31497064699094,Yes,Home,Rejected
132727,668,114324,Salaried,30,48.02878212276411,No,Home,Approved
146324,838,226037,Salaried,30,17.72461020024629,No,Business,Approved
64131,614,438076,Salaried,20,34.36326770500254,No,Personal,Rejected
80263,695,185720,Salaried,20,31.499260706052986,No,Car,Approved
36023,773,216205,Salaried,25,39.8455345273328,No,Personal,Approved
61090,788,493893,Salaried,15,59.97788516252193,Yes,Business,Rejected
87221,726,146059,Self-Employed,5,48.47244470410235,Yes,Home,Rejected
84820,816,148317,Salaried,5,29.89328515087136,No,Business,Approved
20769,831,251207,Salaried,20,51.377652613702345,No,Education,Rejected
79735,612,347190,Salaried,25,18.53541816562401,No,Education,Rejected
82955,766,490280,Unemployed,5,11.523184315448006,No,Personal,Approved
84925,832,151459,Salaried,5,20.222418623213652,Yes,Personal,Rejected
141637,726,287697,Salaried,15,27.020577805712982,No,Car,Approved
87969,647,250422,Self-Employed,10,35.529037872977995,No,Car,Rejected
25311,654,358037,Self-Employed,20,40.756457027059994,Yes,Education,Rejected
123355,648,151520,Salaried,20,55.53028586072109,No,Home,Rejected
124724,555,437962,Self-Employed,10,35.49270047752289,No,Business,Rejected
103104,746,111272,Salaried,5,35.06378223128647,No,Car,Approved
73707,682,273224,Salaried,15,12.512150491149107,No,Car,Approved
105305,808,379793,Salaried,15,11.745577632811191,No,Home,Approved
48693,572,376818,Salaried,20,37.557998095818604,No,Home,Rejected
91932,602,194832,Self-Employed,15,31.908930662417227,No,Personal,Rejected
147723,714,202999,Salaried,30,51.95901974901493,Yes,Business,Rejected
113016,751,398619,Salaried,10,18.03397923559226,No,Home,Approved
126970,632,111367,Self-Employed,5,11.24858310585248,No,Car,Rejected
45658,694,279027,Self-Employed,30,32.45193839650629,No,Car,Approved
104478,634,455804,Salaried,10,21.873927837612875,No,Education,Rejected
142537,627,433894,Self-Employed,25,12.480718666941872,No,Home,Rejected
38431,550,282750,Salaried,20,46.22991434238145,No,Personal,Rejected
22747,600,285806,Self-Employed,15,15.579649997862374,Yes,Business,Rejected
143855,722,430298,Self-Employed,25,40.415975000388585,No,Personal,Approved
79150,754,233305,Unemployed,15,24.052487508344456,No,Car,Approved
85725,809,94738,Salaried,30,18.6748025177511,Yes,Personal,Rejected
149981,837,83397,Salaried,5,28.987576145965875,No,Car,Approved
104654,583,394333,Salaried,5,50.072288811147686,No,Car,Rejected
55773,644,388511,Salaried,5,29.604678845228634,No,Car,Rejected
139346,621,252332,Salaried,15,47.538482460552785,No,Car,Rejected
87435,588,432729,Unemployed,25,16.274314839957533,No,Car,Rejected
76886,703,388763,Salaried,5,48.638570983253956,No,Education,Approved
86803,799,161453,Salaried,25,21.846666245332433,No,Personal,Approved
51551,711,69816,Self-Employed,15,43.86965649444364,No,Education,Approved
136216,667,485456,Salaried,30,38.28907774204981,No,Education,Approved
31394,808,449492,Self-Employed,25,56.45723586058437,Yes,Home,Rejected
89092,817,295011,Salaried,30,29.366125898765702,Yes,Home,Rejected
23890,603,391674,Salaried,15,13.308259441722022,No,Home,Rejected
61606,785,466715,Salaried,15,10.957774277562645,No,Business,Approved
116276,771,421000,Salaried,20,51.34292804863765,No,Home,Rejected
145768,800,263567,Unemployed,15,36.23678188307161,No,Personal,Approved
100038,661,121635,Salaried,15,48.76220259174746,No,Education,Approved
107313,804,419947,Salaried,10,21.721280000575735,No,Personal,Approved
30627,756,266184,Salaried,5,27.254187275661685,No,Home,Approved
28792,778,348090,Salaried,20,11.505193610565946,No,Business,Approved
128859,615,367348,Self-Employed,20,58.07461622870561,No,Business,Rejected
128557,624,232958,Salaried,20,43.39339533504067,No,Education,Rejected
93969,652,327707,Self-Employed,10,56.66025438796531,Yes,Personal,Rejected
63001,741,142324,Unemployed,30,23.274820371453615,No,Car,Approved
96552,801,273536,Salaried,15,40.57318056128304,No,Personal,Approved
43897,775,282944,Unemployed,5,43.924998414631894,Yes,Home,Rejected
88148,843,321991,Salaried,25,25.877485012879422,No,Car,Approved
141729,647,76155,Salaried,30,52.405461750781505,No,Business,Rejected
144243,835,391815,Salaried,15,57.35807314501239,No,Education,Rejected
140923,798,166891,Self-Employed,10,54.24275588480022,No,Education,Rejected
140174,715,395454,Unemployed,15,46.953348796968626,No,Business,Approved
43483,579,199381,Salaried,15,23.8732339862477,Yes,Home,Rejected
144358,796,181691,Self-Employed,10,24.080802105281585,No,Business,Approved
68555,655,493324,Salaried,20,58.1680160223019,No,Home,Rejected
145436,600,84707,Salaried,20,10.514224796784601,No,Car,Rejected
37159,630,463553,Salaried,5,45.802498662107226,No,Business,Rejected
130510,682,393681,Unemployed,5,45.31230812776311,No,Home,Approved
126530,834,247576,Self-Employed,20,41.134477047489874,No,Car,Approved
100077,687,228686,Salaried,30,59.50544230434329,No,Business,Rejected
55920,733,272500,Salaried,25,25.59397178818626,No,Education,Approved
112067,822,403299,Salaried,15,26.998593189662408,No,Business,Approved
87121,618,312425,Salaried,25,13.946970147327777,No,Personal,Rejected
89479,583,208492,Salaried,15,32.13990682718688,No,Business,Rejected
109475,811,220102,Self-Employed,20,23.052426311742405,No,Personal,Approved
39457,602,444274,Salaried,5,27.169335108882212,No,Car,Rejected
86557,754,267285,Salaried,30,51.72858951278138,Yes,Business,Rejected
97189,675,388404,Salaried,5,56.77422567637478,No,Car,Rejected
129109,784,209476,Self-Employed,25,19.28665360025928,No,Car,Approved
98953,592,284554,Self-Employed,5,28.625446577673294,No,Home,Rejected
72995,789,210928,Salaried,20,56.4315281057697,Yes,Car,Rejected
60757,660,190272,Self-Employed,30,13.090423034461132,No,Car,Approved
29692,798,376322,Salaried,25,14.618026405568926,No,Business,Approved
65758,700,346141,Salaried,30,18.139549460311468,No,Business,Approved
149425,732,468827,Salaried,15,39.76064170634373,Yes,Education,Rejected
92409,644,169273,Salaried,5,17.523613550299874,Yes,Home,Rejected
91211,557,222307,Salaried,30,58.40381907253668,Yes,Car,Rejected
85697,733,298500,Unemployed,10,32.33572636292602,No,Home,Approved
57065,830,216129,Self-Employed,5,35.07589801750832,No,Personal,Approved
112093,744,182311,Self-Employed,15,22.332930790270325,No,Car,Approved
119299,744,284746,Salaried,30,33.548012621736675,Yes,Home,Rejected
149293,704,295546,Salaried,25,43.095681631850574,No,Education,Approved
52606,642,246733,Self-Employed,15,47.55885684770214,No,Education,Rejected
147791,709,176945,Salaried,10,47.69340413549565,No,Car,Approved
31534,610,95272,Salaried,30,38.89455563470442,No,Personal,Rejected
114663,671,401537,Salaried,20,55.217988749692864,No,Education,Rejected
60397,600,373356,Self-Employed,5,50.87039236530547,Yes,Education,Rejected
146678,826,196470,Salaried,25,47.852405734931274,Yes,Personal,Rejected
111387,554,170030,Salaried,20,12.780276084023031,No,Home,Rejected
21016,641,368647,Self-Employed,30,10.343898110982465,No,Education,Rejected
109789,719,449854,Salaried,30,20.62236385977365,Yes,Business,Rejected
75591,571,56570,Salaried,15,43.176179695672616,Yes,Education,Rejected
109812,550,380929,Salaried,30,30.559874444127292,Yes,Home,Rejected
43247,682,59110,Salaried,25,30.120312964965585,No,Home,Approved
44300,782,129141,Self-Employed,20,54.22934441148069,No,Car,Rejected
94065,561,62115,Salaried,25,54.77814240659194,No,Business,Rejected
102798,595,89062,Salaried,10,55.458763202679286,No,Home,Rejected
29268,583,335055,Self-Employed,10,25.693903825751363,No,Personal,Rejected
106807,627,154061,Self-Employed,5,44.55279063696309,No,Business,Rejected
32185,767,344700,Self-Employed,5,23.581659063718483,No,Business,Approved
83704,622,440479,Salaried,10,19.53049165372249,No,Personal,Rejected
106779,831,51969,Salaried,30,19.23162286736846,Yes,Education,Rejected
59099,798,355897,Unemployed,25,27.1053810431797,No,Personal,Approved
28571,596,447686,Self-Employed,10,31.497880988991085,No,Personal,Rejected
143372,670,171863,Salaried,5,51.54745855275342,No,Education,Rejected
125512,763,322369,Salaried,10,15.994554673635605,No,Education,Approved
58044,788,173008,Salaried,30,46.74629236974471,No,Education,Approved
71214,605,204268,Unemployed,10,36.572745709465266,No,Education,Rejected
81228,656,155823,Salaried,25,24.397267133799623,No,Education,Approved
134752,597,325813,Salaried,20,34.64097922664123,No,Personal,Rejected
68984,610,480596,Salaried,30,24.99710348885113,No,Car,Rejected
60774,575,436542,Self-Employed,5,39.8040977619153,No,Car,Rejected
22568,841,160677,Self-Employed,25,31.69219614276221,Yes,Home,Rejected
140151,806,296958,Salaried,10,18.22027645394394,No,Car,Approved
82592,557,98320,Self-Employed,10,15.829153727784835,No,Car,Rejected
87563,662,490630,Unemployed,20,37.33478410360651,Yes,Personal,Rejected
22695,802,196649,Salaried,5,55.12065166430517,No,Education,Rejected
144375,729,175354,Salaried,5,27.197884327884278,No,Education,Approved
68190,756,138009,Salaried,15,46.65000536113116,No,Personal,Approved
25258,676,307437,Self-Employed,5,42.93306774698835,No,Car,Approved
107538,605,498625,Salaried,20,56.57774571547405,No,Personal,Rejected
59504,763,78625,Self-Employed,15,51.049050864957046,Yes,Home,Rejected
53159,563,262112,Self-Employed,15,38.33026294527315,No,Education,Rejected
33986,577,336233,Salaried,10,42.85152491170537,No,Business,Rejected
81858,627,86487,Unemployed,10,54.919323329201745,No,Home,Rejected
149312,765,278071,Salaried,5,29.97593922934674,Yes,Home,Rejected
32666,703,422592,Salaried,15,26.339735292888868,Yes,Personal,Rejected
58660,563,362282,Self-Employed,10,10.540554181759816,No,Car,Rejected
23561,736,223895,Self-Employed,20,51.32755370957321,No,Education,Rejected
46854,556,480424,Salaried,10,50.04903502016825,No,Business,Rejected
84505,552,366205,Self-Employed,30,15.222725905007568,No,Home,Rejected
124488,660,473875,Unemployed,30,38.84286905663501,No,Business,Approved
72251,787,151376,Salaried,10,33.19908490834437,No,Car,Approved
42662,788,475106,Unemployed,15,15.935454775455574,No,Car,Approved
28392,823,391278,Salaried,15,59.02841135303618,No,Business,Rejected
50535,843,359199,Salaried,25,20.734794373167773,Yes,Education,Rejected
98603,776,293341,Salaried,30,13.361709004528057,No,Car,Approved
133569,564,331652,Self-Employed,20,39.74236897509548,Yes,Business,Rejected
72256,741,485503,Self-Employed,15,46.943333856651634,No,Home,Approved
109135,668,208056,Salaried,5,11.622172302359349,No,Business,Approved
147478,577,160169,Salaried,30,42.93588193635111,No,Business,Rejected
55222,751,320269,Self-Employed,20,36.614593797572724,Yes,Personal,Rejected
97373,588,86059,Salaried,20,15.163250443752421,No,Car,Rejected
99575,822,153409,Self-Employed,15,18.626193847318103,Yes,Education,Rejected
143684,780,460303,Self-Employed,20,38.398714865804024,No,Education,Approved
116354,635,55704,Salaried,15,24.81788067566442,Yes,Personal,Rejected
104651,675,254456,Unemployed,10,56.9157864325658,Yes,Education,Rejected
83335,849,268200,Salaried,30,50.93701147420254,No,Business,Rejected
30965,574,161279,Unemployed,25,59.17836032568315,Yes,Personal,Rejected
44538,694,208280,Self-Employed,10,22.9835419475207,No,Home,Approved
128066,562,168516,Self-Employed,30,58.48618163989885,No,Car,Rejected
90592,761,247096,Salaried,15,31.561693489577895,Yes,Car,Rejected
118018,574,483098,Self-Employed,30,27.375939765687733,No,Car,Rejected
133252,617,469139,Salaried,15,12.517476348467662,No,Business,Rejected
28110,616,426188,Salaried,10,12.63826289298013,No,Home,Rejected
99309,782,282549,Salaried,5,44.600562797332735,Yes,Personal,Rejected
47266,658,79165,Salaried,5,32.896449721701394,No,Personal,Approved
72992,695,117203,Salaried,30,21.326081301805285,Yes,Car,Rejected
102948,660,316258,Self-Employed,5,40.698515316261634,No,Home,Approved
142073,777,86321,Self-Employed,15,22.642905912505558,No,Home,Approved
118806,660,385441,Salaried,20,38.88158771722113,No,Home,Approved
26910,583,408796,Self-Employed,15,27.960437349134516,No,Education,Rejected
130989,660,411448,Salaried,20,51.17761133059095,No,Education,Rejected
110982,813,295014,Self-Employed,10,51.034808038338966,No,Car,Rejected
141626,785,206498,Self-Employed,25,33.867519906120066,Yes,Home,Rejected
139176,632,67772,Salaried,20,27.54095546675078,No,Home,Rejected
20206,591,415898,Self-Employed,5,28.12798982795473,No,Personal,Rejected
107054,650,315856,Salaried,15,50.285726283410895,No,Personal,Rejected
107897,555,444583,Salaried,10,26.4089741398806,No,Car,Rejected
142409,729,288389,Self-Employed,5,20.4529686853423,No,Home,Approved
43419,831,165142,Salaried,10,14.234417093765341,Yes,Car,Rejected
70636,775,141736,Salaried,25,33.334656044220424,No,Personal,Approved
142546,778,101924,Salaried,15,34.10660494599209,Yes,Personal,Rejected
134238,838,53726,Self-Employed,30,52.04543552014536,No,Education,Rejected
70015,699,401296,Salaried,15,21.0619348223032,No,Car,Approved
137478,826,77723,Salaried,25,29.049563683419997,No,Car,Approved
142096,747,439113,Self-Employed,15,50.42028694468455,No,Home,Rejected
127059,619,284182,Self-Employed,30,51.181180537448675,No,Home,Rejected
74268,661,412638,Salaried,20,29.23055379893841,Yes,Education,Rejected
130687,553,190180,Salaried,10,32.95620116433405,No,Business,Rejected
107939,644,258786,Salaried,30,25.164294542464148,Yes,Business,Rejected
38141,701,85643,Salaried,5,56.6277439209656,No,Business,Rejected
100356,686,212396,Salaried,25,15.932188287079015,No,Car,Approved
125878,796,416040,Self-Employed,20,56.6874711500735,Yes,Car,Rejected
91910,792,264432,Self-Employed,5,44.19332259176716,No,Personal,Approved
76044,580,189999,Self-Employed,5,36.578607634336564,No,Car,Rejected
87214,589,405824,Salaried,25,11.632953039224795,No,Car,Rejected
137930,778,408690,Self-Employed,20,33.77980959110042,No,Car,Approved
139324,585,465659,Salaried,5,30.387405250136613,Yes,Education,Rejected
53827,772,129973,Unemployed,5,18.060940598756126,Yes,Car,Rejected
75820,555,375593,Self-Employed,20,42.82048017503285,No,Home,Rejected
82623,769,159834,Salaried,15,58.55754536841429,No,Home,Rejected
101734,624,286386,Self-Employed,5,38.10944055322626,Yes,Personal,Rejected
95450,553,337681,Salaried,10,45.73766382219729,No,Education,Rejected
113426,683,389720,Self-Employed,20,13.42252262830084,Yes,Home,Rejected
137845,667,157522,Salaried,5,30.883349790849735,No,Education,Approved
42299,643,72612,Salaried,25,15.817924258224794,No,Education,Rejected
63585,611,275049,Self-Employed,30,40.63979177682552,No,Personal,Rejected
129225,743,318615,Salaried,10,56.92410791070773,No,Education,Rejected
84044,752,216703,Self-Employed,30,43.08888662358193,No,Car,Approved
62557,575,290069,Salaried,30,13.840152415721077,Yes,Education,Rejected
69080,722,273131,Self-Employed,5,27.733310249254142,Yes,Personal,Rejected
129556,849,81348,Self-Employed,10,37.533168972042574,No,Personal,Approved
22693,682,245804,Salaried,10,30.160387806662612,No,Personal,Approved
115003,667,313321,Salaried,15,51.68220052375862,No,Home,Rejected
115259,824,185832,Salaried,30,50.73355023549946,No,Car,Rejected
132235,761,344923,Salaried,10,40.59155100516107,No,Home,Approved
89163,774,333780,Salaried,15,28.672897256635263,Yes,Business,Rejected
45939,569,131889,Self-Employed,20,22.766818688162207,No,Car,Rejected
68925,662,103551,Unemployed,15,15.293715910656466,No,Education,Approved
62941,689,454772,Self-Employed,25,27.7448841743277,No,Personal,Approved
41834,596,470814,Self-Employed,5,30.658625860385975,No,Business,Rejected
38047,550,192635,Self-Employed,20,43.79114625520368,Yes,Car,Rejected
46105,639,96819,Self-Employed,20,42.90799121487867,No,Home,Rejected
95766,691,385914,Salaried,25,13.505406982062848,No,Personal,Approved
35707,587,470182,Unemployed,15,29.762965771557887,No,Home,Rejected
41976,842,262781,Self-Employed,5,19.088943360868097,Yes,Car,Rejected
64262,688,208059,Salaried,15,17.840635265840284,Yes,Car,Rejected
145117,808,390858,Salaried,10,51.36510748686229,No,Business,Rejected
43776,710,239420,Salaried,15,12.095760835812877,No,Education,Approved
50080,727,74596,Salaried,20,30.959143795106066,No,Home,Approved
148376,559,476390,Self-Employed,5,18.410182788325912,No,Business,Rejected
86842,810,376250,Salaried,15,53.9665107839237,No,Personal,Rejected
81373,687,109182,Salaried,5,37.85202566375176,No,Education,Approved
26776,721,399307,Unemployed,5,21.5690318188424,No,Business,Approved
112787,562,351454,Salaried,10,35.12136435831882,No,Home,Rejected
147948,717,368232,Salaried,10,46.574317985155794,No,Car,Approved
75016,679,178803,Salaried,20,57.90590044597169,No,Personal,Rejected
29474,633,189978,Self-Employed,25,21.02230021227095,Yes,Home,Rejected
125830,650,349058,Unemployed,5,54.309088606467256,Yes,Education,Rejected
78053,822,422494,Salaried,25,56.71520570837451,No,Education,Rejected
41959,814,95379,Self-Employed,20,55.82102722660331,No,Car,Rejected
25530,587,295900,Salaried,5,41.7707178430955,No,Car,Rejected
114856,643,308517,Unemployed,5,41.49103272173538,Yes,Personal,Rejected
139101,644,480866,Self-Employed,30,30.16053165919114,No,Personal,Rejected
23748,618,490097,Self-Employed,25,47.619894115189396,No,Car,Rejected
117504,785,358557,Salaried,15,36.564700917546595,Yes,Car,Rejected
118098,686,187084,Unemployed,10,43.871903561414726,No,Education,Approved
33545,625,231187,Self-Employed,15,31.42289519243977,No,Car,Rejected
147659,584,319295,Salaried,25,46.574823202156956,No,Business,Rejected
86199,550,107716,Self-Employed,10,51.22357588022745,Yes,Home,Rejected
54766,845,405891,Salaried,15,17.321812830140807,Yes,Car,Rejected
93530,609,273725,Self-Employed,30,51.6464857787114,No,Personal,Rejected
113557,816,217450,Salaried,10,37.014826589515366,Yes,Business,Rejected
81087,778,223724,Self-Employed,5,52.233295454511214,No,Personal,Rejected
115839,819,253502,Salaried,15,31.56508531705073,Yes,Business,Rejected
136183,835,194539,Salaried,10,28.952024269151753,No,Car,Approved
88840,840,474226,Salaried,30,55.75303662586112,Yes,Home,Rejected
138451,762,171999,Salaried,10,22.558463377420065,No,Personal,Approved
74384,714,164793,Salaried,10,52.210616264307156,No,Business,Rejected
71005,554,497907,Salaried,30,34.2010286254702,Yes,Education,Rejected
66576,627,420321,Salaried,15,35.70477212756299,No,Car,Rejected
59353,611,62289,Salaried,20,25.423414074474202,No,Home,Rejected
82003,681,226048,Salaried,15,38.65211003095078,No,Car,Approved
103211,638,224668,Self-Employed,25,26.260559813810566,No,Education,Rejected
72733,786,466387,Salaried,30,11.963470712082616,No,Home,Approved
85318,591,281513,Unemployed,15,23.5999302672178,No,Education,Rejected
129953,638,307368,Self-Employed,10,10.318952170329535,No,Car,Rejected
109474,845,136365,Self-Employed,30,58.91773935284283,Yes,Business,Rejected
43664,844,280662,Salaried,5,58.287360490987375,Yes,Car,Rejected
87172,653,426158,Self-Employed,15,29.75776487361525,No,Car,Approved
105616,563,225211,Salaried,30,46.4185427169823,No,Car,Rejected
145879,837,229785,Salaried,15,27.290304920521248,No,Personal,Approved
113264,728,472950,Salaried,30,43.5546578542988,No,Education,Approved
135386,674,122588,Self-Employed,10,50.27150215229896,No,Education,Rejected
46736,572,113646,Salaried,5,57.33781223461204,No,Education,Rejected
114209,612,315798,Salaried,5,30.0106137924836,No,Personal,Rejected
123041,692,330887,Unemployed,25,49.16489914780239,No,Business,Approved
132859,702,360512,Self-Employed,30,23.29642253160594,No,Car,Approved
132181,694,271097,Salaried,15,59.51661518968242,Yes,Business,Rejected
20854,774,255244,Salaried,5,11.288479938217558,No,Personal,Approved
110084,653,449657,Self-Employed,5,40.17644032505605,No,Education,Approved
58623,653,169735,Salaried,20,42.97529908256636,No,Car,Approved
27392,588,205683,Salaried,20,44.402277853706444,No,Home,Rejected
75680,747,432035,Salaried,5,16.01937893945445,No,Home,Approved
146354,683,157971,Unemployed,30,56.92648917365652,No,Business,Rejected
66717,616,62149,Self-Employed,25,19.05916395250414,No,Education,Rejected
139937,728,412246,Self-Employed,5,41.137670161992055,No,Home,Approved
107092,591,371333,Self-Employed,10,21.133803956154246,No,Business,Rejected
70859,564,288976,Salaried,15,25.360820851063544,No,Personal,Rejected
145657,660,464891,Salaried,25,37.32292708640622,No,Business,Approved
124095,706,383175,Salaried,10,30.859670928228823,No,Business,Approved
46309,838,92668,Salaried,25,18.011280048825313,No,Business,Approved
107455,780,456889,Salaried,10,18.546820121042416,No,Car,Approved
83734,706,138204,Self-Employed,15,30.907239408139983,No,Business,Approved
90467,587,261830,Self-Employed,15,47.86414891377504,No,Business,Rejected
72662,646,246501,Self-Employed,20,54.89823234238943,No,Car,Rejected
118506,838,466885,Salaried,30,14.206383112969142,No,Car,Approved
129751,803,215140,Self-Employed,10,29.655195377970053,No,Personal,Approved
138906,745,269861,Self-Employed,20,15.012278186143831,No,Education,Approved
32688,635,190507,Salaried,10,10.829624031629894,No,Home,Rejected
45342,559,275160,Self-Employed,20,43.08593413219783,No,Home,Rejected
57157,554,233321,Salaried,15,40.12247209832939,No,Business,Rejected
87863,672,87384,Salaried,25,18.15095569074431,No,Personal,Approved
126308,667,131929,Salaried,20,21.690641654653206,No,Business,Approved
72083,843,440103,Salaried,10,11.185387682225919,No,Home,Approved
126081,708,126153,Salaried,10,51.74736028472019,Yes,Car,Rejected
85733,777,285128,Self-Employed,30,58.73452980242757,No,Education,Rejected
109045,765,125388,Unemployed,15,16.77297683973454,No,Personal,Approved
54698,733,81401,Self-Employed,10,21.573760688264905,No,Car,Approved
130078,564,252903,Self-Employed,5,53.4204761973467,No,Education,Rejected
100623,706,169503,Salaried,25,56.32318989780924,No,Personal,Rejected
42671,685,282601,Self-Employed,20,30.981369140340515,No,Personal,Approved
45184,810,177834,Salaried,30,12.531123613453707,Yes,Home,Rejected
113384,706,84084,Salaried,25,11.969591684640971,No,Car,Approved
62107,596,301459,Salaried,15,38.69749330345052,No,Personal,Rejected
106202,722,160641,Salaried,30,29.64475544465895,No,Personal,Approved
129893,679,155111,Salaried,20,11.432621378882725,No,Education,Approved
71663,644,499042,Salaried,20,39.16261961562784,No,Home,Rejected
35708,664,479667,Salaried,5,10.565126829451124,No,Business,Approved
111906,792,188299,Unemployed,15,49.368597907463645,No,Home,Approved
69811,841,212982,Salaried,30,25.321641135168576,No,Business,Approved
22811,831,348185,Salaried,30,12.012900150461604,No,Car,Approved
76250,848,401064,Salaried,10,39.41761104915767,No,Car,Approved
132547,832,377825,Self-Employed,5,29.884220721652735,No,Personal,Approved
92082,618,284386,Salaried,5,58.690020667857475,No,Car,Rejected
144249,697,393715,Salaried,30,37.20993312518511,No,Personal,Approved
54754,560,246553,Salaried,30,23.761959051850415,No,Home,Rejected
115742,803,310337,Salaried,25,45.47194323169874,No,Car,Approved
126642,587,177556,Salaried,25,23.574600127135568,No,Home,Rejected
31411,683,245246,Salaried,25,55.212164570378256,No,Home,Rejected
22911,749,76160,Salaried,5,28.73609852536882,Yes,Car,Rejected
87270,572,296242,Salaried,10,37.49342813881026,No,Home,Rejected
103763,767,67633,Salaried,20,12.528655191211442,Yes,Car,Rejected
28680,690,329158,Self-Employed,25,31.30606189761154,Yes,Car,Rejected
104896,653,392676,Salaried,10,51.61817698304975,No,Car,Rejected
103879,759,99104,Salaried,15,50.28244026816709,No,Business,Rejected
91295,660,484837,Salaried,25,21.215927942676313,No,Home,Approved
108614,653,389375,Unemployed,20,21.303953550528135,No,Education,Approved
120689,720,118388,Salaried,15,50.86526561066184,No,Car,Rejected
31111,682,66014,Salaried,15,56.51992100846628,Yes,Home,Rejected
57504,842,142578,Self-Employed,20,14.768046063650178,No,Personal,Approved
21802,676,214827,Salaried,25,32.50293197131126,No,Car,Approved
28155,655,90390,Salaried,5,26.872713948211448,No,Car,Approved
93656,641,335855,Salaried,20,53.53442277287197,No,Education,Rejected
59384,836,141658,Self-Employed,20,14.176245734000938,No,Business,Approved
132561,600,107993,Salaried,20,20.55629712790187,No,Business,Rejected
67254,578,255768,Self-Employed,15,47.623416879324715,No,Car,Rejected
41918,845,208285,Unemployed,10,12.564692449060779,No,Home,Approved
105981,846,296860,Salaried,5,34.62676903571446,Yes,Personal,Rejected
80713,763,319565,Salaried,25,32.105351733986,No,Personal,Approved
50306,816,268008,Salaried,25,26.720058949437433,Yes,Home,Rejected
36646,806,67727,Salaried,10,29.728615765946188,No,Car,Approved
66843,650,424562,Salaried,20,36.497029346511646,No,Personal,Approved
140975,659,54358,Unemployed,5,18.068367919419156,No,Business,Approved
116601,731,377252,Self-Employed,25,38.59979391417964,No,Home,Approved
110735,550,307681,Self-Employed,30,50.27161646499932,No,Education,Rejected
127512,604,144018,Salaried,25,48.008046489507954,No,Car,Rejected
36371,698,436601,Self-Employed,20,17.694995234688683,No,Home,Approved
97371,686,475333,Unemployed,30,17.462473487073694,No,Personal,Approved
131472,751,344054,Self-Employed,10,23.408718387245667,Yes,Car,Rejected
22049,666,176888,Salaried,5,28.05373631705186,No,Business,Approved
51616,703,279104,Self-Employed,10,30.42277907042413,No,Car,Approved
123727,840,367898,Salaried,10,43.98486084166726,Yes,Car,Rejected
132893,612,243510,Salaried,5,12.83402160829177,No,Business,Rejected
146603,793,159847,Salaried,5,11.73363521130332,Yes,Business,Rejected
40932,574,472587,Self-Employed,25,29.595528147195452,No,Car,Rejected
137796,639,494717,Self-Employed,25,44.85818460689902,No,Business,Rejected
49855,624,350611,Salaried,5,19.671767147824127,No,Home,Rejected
81434,843,460841,Salaried,30,42.07522406281259,Yes,Business,Rejected
92694,759,346037,Salaried,15,22.991406897014976,No,Business,Approved
63016,566,126329,Salaried,25,54.30430544067582,Yes,Car,Rejected
27400,677,81007,Salaried,15,54.78449721333082,No,Home,Rejected
137858,800,220604,Salaried,30,24.864360214066323,No,Education,Approved
62642,728,366397,Self-Employed,5,21.499687698162028,No,Education,Approved
35151,731,62323,Salaried,30,30.565198603311565,No,Personal,Approved
71407,701,423479,Salaried,25,22.026579259007434,No,Business,Approved
86690,574,162356,Salaried,10,43.61919216458518,No,Business,Rejected
24499,729,160944,Unemployed,5,51.30323422741428,No,Home,Rejected
26295,747,254451,Self-Employed,20,43.65460654556085,No,Education,Approved
140885,710,457426,Self-Employed,15,51.21752236246748,No,Personal,Rejected
146071,726,328600,Salaried,30,29.84960811037371,No,Home,Approved
79040,834,81367,Salaried,5,17.815848535443042,Yes,Business,Rejected
32183,612,104624,Salaried,30,46.89754736987961,No,Education,Rejected
49299,699,453322,Self-Employed,5,28.023725257077693,Yes,Personal,Rejected
32874,703,284565,Unemployed,25,43.56354126145663,No,Car,Approved
136336,705,118008,Self-Employed,25,23.532197099088282,No,Education,Approved
52711,598,438070,Self-Employed,25,14.061481740333633,No,Personal,Rejected
25539,633,427539,Self-Employed,30,59.62908977438817,No,Home,Rejected
127941,726,166492,Salaried,20,17.810075396529964,Yes,Car,Rejected
73351,697,122240,Unemployed,25,59.42104969817405,No,Personal,Rejected
81267,667,376459,Salaried,5,58.86399662832236,No,Personal,Rejected
143133,612,251659,Salaried,25,49.69090519540198,No,Business,Rejected
68354,738,322900,Salaried,10,42.97114810409988,No,Education,Approved
146063,598,348522,Salaried,25,38.89035251255423,No,Business,Rejected
22557,806,185327,Salaried,30,53.305077268891736,No,Car,Rejected
58360,773,457700,Salaried,20,24.471976080974397,No,Personal,Approved
102018,690,175703,Salaried,10,33.38406062424385,Yes,Business,Rejected
22200,764,368693,Salaried,30,40.9694984683251,No,Education,Approved
132476,760,215575,Salaried,30,30.559523793474554,No,Car,Approved
88497,581,385938,Salaried,30,31.3743227045134,No,Home,Rejected
66975,707,357257,Salaried,5,26.51423337510422,No,Business,Approved
41357,834,124069,Salaried,30,38.2115908342268,No,Car,Approved
139121,835,279189,Self-Employed,5,52.5287264007558,No,Home,Rejected
97505,693,448465,Self-Employed,30,20.076418900315645,No,Business,Approved
22869,568,301051,Self-Employed,15,56.72165193767207,Yes,Car,Rejected
146114,567,462417,Self-Employed,10,44.45438268741148,No,Car,Rejected
81135,806,175541,Salaried,15,51.16366063400151,Yes,Business,Rejected
70108,627,239648,Self-Employed,30,37.80953463150058,Yes,Car,Rejected
132296,724,306353,Salaried,10,48.97583507120317,No,Personal,Approved
114179,743,321830,Salaried,10,10.810019866973361,No,Business,Approved
110272,662,365507,Self-Employed,20,50.91902123897676,No,Car,Rejected
58467,663,409687,Salaried,15,12.006942954268325,No,Home,Approved
43328,771,181733,Self-Employed,20,54.49566881814312,No,Home,Rejected
139181,715,225915,Self-Employed,10,59.59813736193217,No,Personal,Rejected
111412,681,145673,Self-Employed,5,24.70337310883889,No,Business,Approved
106831,813,92828,Unemployed,10,20.515927814289682,No,Car,Approved
23987,604,360748,Salaried,20,48.26816819290204,No,Car,Rejected
78871,680,322670,Salaried,15,22.65131704601266,No,Home,Approved
42399,837,381054,Salaried,30,53.278119158610174,No,Personal,Rejected
148391,815,75592,Salaried,30,15.142129607873835,Yes,Home,Rejected
66214,711,341126,Self-Employed,15,16.29775981896791,No,Home,Approved
119522,636,312351,Self-Employed,30,58.957577755030776,No,Personal,Rejected
106416,604,282041,Self-Employed,30,43.69194491350023,No,Business,Rejected
90271,837,400877,Salaried,20,52.34436122144764,Yes,Car,Rejected
64064,727,280008,Salaried,15,26.2164688675759,No,Business,Approved
145615,557,174982,Salaried,25,43.82418747603022,No,Education,Rejected
90091,796,306911,Salaried,5,39.712091365429856,No,Education,Approved
127450,804,118619,Self-Employed,5,40.15750600614735,Yes,Education,Rejected
60818,603,210400,Salaried,30,44.126622976886075,No,Personal,Rejected
65525,798,358623,Salaried,5,38.76795865645493,No,Home,Approved
39830,788,201175,Salaried,15,31.453118465133297,No,Business,Approved
37429,778,220963,Self-Employed,15,23.796134719027343,No,Car,Approved
26893,616,191826,Self-Employed,10,48.4290665456601,No,Education,Rejected
136381,600,281055,Salaried,10,21.31362150015931,No,Business,Rejected
99909,646,393581,Salaried,5,44.61771530772071,Yes,Education,Rejected
67333,641,148540,Salaried,25,21.66664113246633,Yes,Education,Rejected
23436,813,385126,Salaried,10,41.2665084977227,No,Car,Approved
94290,840,152747,Self-Employed,10,47.35391335645144,No,Personal,Approved
96213,645,236994,Self-Employed,15,20.93569444532696,Yes,Home,Rejected
25895,637,360375,Salaried,25,12.997165043065415,No,Personal,Rejected
39738,627,79301,Salaried,30,16.548687149708705,No,Business,Rejected
50746,837,272724,Unemployed,5,40.29984836355128,Yes,Personal,Rejected
69377,669,243783,Salaried,10,52.47232031128678,No,Business,Rejected
68404,714,222395,Self-Employed,25,12.249841061771217,Yes,Business,Rejected
74045,731,68752,Salaried,25,46.70756295208231,Yes,Home,Rejected
117888,772,263277,Salaried,5,27.065932297502606,Yes,Car,Rejected
149307,556,410596,Salaried,25,33.92641849597612,No,Home,Rejected
59790,812,194467,Salaried,25,56.44297749227828,Yes,Personal,Rejected
127455,710,267029,Unemployed,25,26.598575236792275,Yes,Business,Rejected
25600,700,433381,Salaried,10,33.2668466969743,No,Education,Approved
114660,634,106273,Salaried,5,10.684120738034055,No,Education,Rejected
113179,696,308503,Salaried,25,14.079936000241918,No,Business,Approved
60764,661,141878,Salaried,25,22.9295795567392,No,Home,Approved
94543,585,317039,Salaried,10,11.39261204105372,Yes,Car,Rejected
65714,834,169968,Salaried,5,41.56876630241255,No,Home,Approved
76835,737,427844,Self-Employed,15,31.319917840081125,No,Business,Approved
122946,631,126559,Salaried,10,37.407260136401106,No,Business,Rejected
148191,551,60699,Salaried,5,18.732359294816476,No,Car,Rejected
129616,746,246133,Unemployed,25,24.796601471830805,No,Personal,Approved
125983,560,59715,Salaried,5,43.191223742636254,Yes,Personal,Rejected
93744,783,69169,Unemployed,5,58.26513618151999,No,Car,Rejected
76491,744,168413,Salaried,30,12.52083868011046,Yes,Personal,Rejected
144123,668,459379,Self-Employed,5,54.519216042763304,No,Education,Rejected
38589,569,169264,Self-Employed,15,38.84406006556043,No,Personal,Rejected
63484,810,317926,Self-Employed,5,38.195978337781185,No,Personal,Approved
102989,842,269249,Unemployed,15,35.01392676038802,No,Personal,Approved
56212,805,174481,Salaried,25,13.46970429520917,No,Education,Approved
63525,771,265400,Unemployed,15,14.493842586808032,No,Personal,Approved
67202,775,85585,Salaried,25,40.045600282954304,No,Education,Approved
52635,602,342826,Salaried,25,27.047928571777916,No,Car,Rejected
83208,829,228936,Salaried,15,55.86340332888403,No,Home,Rejected
53828,630,442136,Salaried,10,30.329526867973613,No,Car,Rejected
38711,751,396560,Salaried,20,17.164072935132054,No,Home,Approved
23420,707,498330,Salaried,5,45.7359416751018,No,Car,Approved
116752,669,439954,Salaried,30,24.667671072050492,No,Home,Approved
20301,608,88067,Self-Employed,20,36.27351536779466,No,Home,Rejected
65236,764,223757,Self-Employed,5,44.8916392752585,Yes,Business,Rejected
135294,677,303334,Salaried,5,55.01320556010352,No,Home,Rejected
137858,773,68073,Salaried,25,49.6095597400838,No,Home,Approved
86235,758,86035,Salaried,5,43.818053393636205,No,Business,Approved
74240,664,246049,Salaried,30,43.98165911975718,No,Personal,Approved
144019,758,283782,Salaried,5,57.296232201604326,No,Personal,Rejected
85726,563,140373,Salaried,15,24.791204874826803,No,Business,Rejected
30492,558,395506,Salaried,20,10.055604709809371,No,Education,Rejected
135668,589,140517,Unemployed,15,23.597727969909933,No,Home,Rejected
121279,786,115450,Salaried,30,20.8945689813372,No,Home,Approved
26102,830,60382,Salaried,5,43.09172925569991,Yes,Business,Rejected
70336,750,447653,Salaried,30,41.68557998827645,Yes,Business,Rejected
138015,795,252043,Salaried,25,39.67306913523619,No,Education,Approved
105314,827,271427,Salaried,15,10.812172160472684,No,Personal,Approved
143007,784,111929,Self-Employed,15,46.438902722532376,No,Car,Approved
46641,553,283483,Salaried,10,26.176520624274577,Yes,Personal,Rejected
54584,703,278590,Salaried,5,43.25279945033156,No,Home,Approved
52745,578,411008,Unemployed,25,37.828921425107666,No,Business,Rejected
140542,658,193401,Self-Employed,15,27.13654627139536,No,Education,Approved
43093,647,306677,Self-Employed,15,16.72881335520539,Yes,Personal,Rejected
86105,764,337313,Salaried,25,14.720944883024048,No,Education,Approved
123746,842,137468,Self-Employed,30,51.57591665561118,No,Personal,Rejected
120199,624,84594,Salaried,30,55.9198771040779,No,Home,Rejected
71885,695,241703,Salaried,5,42.48940233821498,No,Car,Approved
56631,677,95033,Salaried,10,15.17170574302417,No,Education,Approved
131217,591,113133,Salaried,15,30.101360844412035,No,Education,Rejected
92991,590,123861,Salaried,10,46.446960005257864,No,Car,Rejected
24014,583,233362,Salaried,30,48.9910442005034,Yes,Education,Rejected
31093,566,343894,Unemployed,30,15.91093111455443,No,Education,Rejected
38070,714,90461,Unemployed,20,10.00153594226912,No,Personal,Approved
55777,702,128222,Self-Employed,5,45.60685229403025,No,Personal,Approved
76958,625,162020,Salaried,20,27.829808799310282,No,Car,Rejected
102074,636,336370,Self-Employed,20,22.72406658091301,No,Home,Rejected
30729,666,318865,Salaried,20,10.644873489476272,No,Education,Approved
119713,576,499370,Self-Employed,5,37.01497033807499,Yes,Home,Rejected
65017,836,70609,Salaried,5,52.557536771299084,No,Car,Rejected
86320,683,495346,Self-Employed,25,57.881582313629394,No,Car,Rejected
47751,768,180513,Salaried,10,38.28724753066446,No,Personal,Approved
126400,717,253981,Self-Employed,10,35.72306638699471,No,Education,Approved
125864,647,154211,Unemployed,25,14.252819274462055,Yes,Business,Rejected
98069,817,236321,Salaried,25,37.443640077129984,No,Car,Approved
125647,786,492111,Salaried,30,28.99895394826973,No,Education,Approved
125510,722,448872,Unemployed,20,40.356764044178846,Yes,Home,Rejected
74748,739,437009,Salaried,25,29.436317393827334,No,Personal,Approved
25801,671,386664,Self-Employed,15,22.01495617251834,No,Home,Approved
39190,595,376453,Salaried,10,14.748263761418825,Yes,Car,Rejected
69689,613,79984,Salaried,25,25.745922229444787,No,Car,Rejected
124290,679,168947,Salaried,15,14.832241714387614,No,Home,Approved
70993,742,254894,Salaried,15,18.844847541199197,No,Car,Approved
49592,730,55901,Self-Employed,15,59.366807928977295,No,Education,Rejected
30647,841,212624,Salaried,30,32.20517784533093,Yes,Car,Rejected
28716,831,272317,Salaried,30,36.59358832525083,Yes,Personal,Rejected
108891,578,343199,Salaried,15,53.680926436860766,No,Education,Rejected
107545,698,218757,Salaried,30,59.77844502453439,No,Business,Rejected
137638,816,195788,Self-Employed,20,39.135722467234075,No,Car,Approved
109912,845,164099,Unemployed,15,50.623691052208585,Yes,Car,Rejected
130627,560,61138,Salaried,20,26.347051216833762,No,Personal,Rejected
90316,713,216370,Self-Employed,20,25.287197872364555,No,Personal,Approved
146995,662,494328,Self-Employed,15,30.13518604972801,No,Home,Approved
22368,736,73429,Salaried,10,43.625363133682455,No,Home,Approved
97575,844,100200,Unemployed,15,44.10958446275494,Yes,Home,Rejected
26655,781,252380,Salaried,15,25.76197173247254,No,Personal,Approved
126477,776,491460,Salaried,30,16.660496206831432,No,Home,Approved
90031,647,298289,Self-Employed,15,41.619812823275424,No,Home,Rejected
96429,604,295127,Salaried,10,16.416293109438225,No,Business,Rejected
111083,660,413412,Self-Employed,30,38.92462541146651,No,Home,Approved
107922,701,286513,Self-Employed,5,44.67110640281545,No,Car,Approved
75766,795,67347,Salaried,5,45.03057481972258,No,Personal,Approved
144046,618,197992,Self-Employed,20,47.673605532979835,No,Education,Rejected
33403,838,81822,Salaried,20,53.642971078283225,No,Business,Rejected
52097,799,489875,Salaried,10,34.99794959823942,No,Personal,Approved
98657,585,90108,Self-Employed,25,46.51245947647856,No,Personal,Rejected
140607,788,441099,Unemployed,5,40.95863676829184,No,Car,Approved
30966,697,57967,Salaried,20,19.33199698988413,No,Home,Approved
144862,776,422863,Salaried,5,11.284482243470409,No,Car,Approved
119157,793,61871,Self-Employed,10,24.22706928384669,Yes,Home,Rejected
138834,750,275371,Self-Employed,10,32.15168531688097,No,Home,Approved
113848,703,258524,Self-Employed,25,40.855297221432814,No,Personal,Approved
72921,622,255342,Salaried,25,52.497966525160265,No,Home,Rejected
69726,750,214685,Salaried,30,19.81228583530828,No,Business,Approved
146141,845,78179,Salaried,10,16.277489494923856,No,Business,Approved
70300,566,301537,Self-Employed,20,58.173997373716375,No,Business,Rejected
42677,678,233260,Salaried,5,15.402227968820355,No,Personal,Approved
75609,766,367243,Salaried,15,33.924553505359455,No,Car,Approved
116825,610,85262,Unemployed,25,39.27818643966509,No,Education,Rejected
76661,653,390357,Salaried,15,37.068721045371916,No,Home,Approved
51024,591,429551,Unemployed,20,14.30160785164716,No,Education,Rejected
128211,574,461484,Self-Employed,25,12.851345700180968,Yes,Car,Rejected
90313,588,398413,Self-Employed,15,15.274171373051784,No,Car,Rejected
147813,840,110545,Salaried,20,39.27938419363063,No,Personal,Approved
73006,680,284555,Salaried,5,37.21724438171606,No,Business,Approved
115285,778,273894,Self-Employed,20,21.687039601837213,No,Business,Approved
35338,657,253218,Self-Employed,30,41.888707092279574,No,Car,Approved
88027,721,352066,Self-Employed,25,51.00337510278247,No,Personal,Rejected
112772,651,92913,Salaried,10,12.078947992329688,No,Personal,Approved
133632,561,409177,Self-Employed,5,34.906497177402116,No,Home,Rejected
100135,824,416936,Self-Employed,15,44.465520605134515,No,Business,Approved
39508,650,300497,Self-Employed,25,22.615596353484356,Yes,Car,Rejected
140379,593,498893,Self-Employed,10,25.388545264657456,No,Education,Rejected
23051,566,493057,Self-Employed,20,40.68189514946919,No,Business,Rejected
68747,606,227404,Self-Employed,10,54.89676467218685,Yes,Home,Rejected
134692,561,432007,Salaried,25,50.49622101514497,No,Personal,Rejected
107142,629,206104,Salaried,25,39.156510954979176,No,Car,Rejected
107235,765,218918,Salaried,30,46.51108588786246,Yes,Business,Rejected
74021,813,240546,Salaried,30,28.241123510389933,No,Education,Approved
86412,698,94936,Salaried,10,42.04827640493789,No,Home,Approved
78335,630,210866,Salaried,20,33.30907955637785,Yes,Home,Rejected
76179,764,242660,Salaried,10,19.496806822878046,No,Business,Approved
52093,747,252056,Salaried,25,45.08691369386286,No,Education,Approved
89678,749,493547,Self-Employed,25,37.8232318674411,No,Home,Approved
100738,574,275469,Unemployed,15,27.93107909767957,No,Car,Rejected
59734,638,78141,Salaried,30,55.566959503931535,No,Home,Rejected
92615,817,452290,Unemployed,15,11.046705891336664,No,Education,Approved
93523,692,187478,Salaried,5,25.7886575624748,Yes,Personal,Rejected
125103,608,147359,Salaried,25,12.844069888882327,No,Personal,Rejected
114476,575,435423,Salaried,15,48.32636581108136,No,Business,Rejected
122769,596,204363,Salaried,10,45.10537270568963,Yes,Education,Rejected
37019,837,91568,Self-Employed,30,26.567610936815854,No,Home,Approved
131721,815,147539,Self-Employed,30,43.78314511035365,No,Home,Approved
103613,565,96851,Salaried,20,29.796861309797492,No,Personal,Rejected
111794,748,104823,Salaried,10,47.812689571121716,No,Personal,Approved
106672,831,73312,Salaried,20,32.70918313683531,No,Car,Approved
93847,635,486324,Salaried,15,30.61398639158328,No,Personal,Rejected
102750,799,477387,Salaried,5,56.73649577441505,No,Car,Rejected
99634,819,484995,Salaried,10,22.543954994535014,No,Home,Approved
48251,666,249900,Self-Employed,10,16.02236699982827,No,Car,Approved
123481,556,410867,Unemployed,10,39.227155662972905,No,Car,Rejected
132566,686,324555,Salaried,20,58.466090614208944,No,Business,Rejected
45945,725,299062,Unemployed,15,28.891960686359333,No,Personal,Approved
110852,764,369153,Salaried,10,13.101838181439076,No,Car,Approved
52217,631,458638,Salaried,10,26.96526336547837,No,Home,Rejected
28308,772,485684,Salaried,30,35.29658271597792,Yes,Education,Rejected
25949,652,82371,Self-Employed,5,18.096150331610687,No,Car,Approved
71990,822,107022,Unemployed,30,42.9051109028246,No,Personal,Approved
21150,563,383373,Self-Employed,30,59.88746945051003,Yes,Business,Rejected
109480,708,149071,Salaried,5,32.58697379907219,No,Home,Approved
120235,701,232268,Self-Employed,15,27.736427836510632,No,Business,Approved
94740,657,408918,Salaried,30,30.035208341723333,No,Education,Approved
136352,737,338859,Self-Employed,15,15.757308919760057,No,Car,Approved
86617,647,339749,Salaried,30,54.16368007131119,No,Car,Rejected
114841,680,149853,Salaried,25,30.7412827760676,No,Personal,Approved
36896,842,81174,Salaried,5,29.363720571242066,Yes,Car,Rejected
145729,720,453172,Self-Employed,30,42.984513646523716,No,Home,Approved
66175,732,126373,Salaried,25,32.10167104655618,No,Education,Approved
27805,588,381396,Self-Employed,20,42.4116734403923,No,Business,Rejected
25237,564,243021,Salaried,25,13.072314506539374,No,Education,Rejected
135247,553,243718,Self-Employed,10,50.68616718611137,No,Car,Rejected
40056,759,120017,Self-Employed,30,57.02519764397013,No,Business,Rejected
65543,710,113037,Self-Employed,25,42.4382693079693,Yes,Personal,Rejected
76556,565,139818,Salaried,15,57.72829644294054,Yes,Education,Rejected
134548,657,56548,Salaried,20,17.571615718498165,No,Business,Approved
131488,776,166981,Salaried,30,33.87080947401768,No,Business,Approved
23343,719,284213,Self-Employed,10,40.09033669727236,No,Business,Approved
33500,583,254366,Salaried,25,39.08683237105933,No,Home,Rejected
73222,800,204249,Salaried,20,30.07308895445216,Yes,Education,Rejected
49375,796,336166,Salaried,30,26.90422046831307,No,Business,Approved
29662,818,156297,Salaried,20,16.34120112752094,No,Education,Approved
36964,690,186614,Self-Employed,10,29.58712252811391,No,Business,Approved
133429,823,272084,Salaried,25,18.13304075527426,No,Personal,Approved
141692,645,110428,Self-Employed,20,46.71828382461092,No,Personal,Rejected
79638,776,203812,Salaried,20,20.4415467747295,Yes,Personal,Rejected
93666,588,371497,Salaried,5,12.928265264226692,No,Car,Rejected
105067,578,163132,Salaried,20,37.61830689086172,No,Business,Rejected
138937,794,237604,Salaried,5,39.76148663597008,No,Car,Approved
87215,785,66052,Salaried,25,53.59565306402528,No,Education,Rejected
89042,734,150689,Self-Employed,30,38.849080620884095,Yes,Car,Rejected
33284,821,228148,Salaried,30,27.274042686172287,Yes,Education,Rejected
92789,785,496636,Self-Employed,25,50.150594076316025,No,Education,Rejected
104664,788,181743,Salaried,25,37.01394465937105,No,Education,Approved
113468,815,312307,Salaried,15,13.964014231559588,Yes,Car,Rejected
81389,614,353568,Self-Employed,25,38.292528015662334,Yes,Business,Rejected
29435,726,496960,Salaried,20,55.40092727108312,Yes,Car,Rejected
74340,552,453850,Salaried,30,29.815631274911027,No,Business,Rejected
64078,691,185870,Salaried,10,24.816290094990002,Yes,Business,Rejected
98832,707,334564,Salaried,30,17.173472850901003,No,Education,Approved
71293,695,170575,Self-Employed,5,17.572276096767865,No,Car,Approved
115981,842,308230,Salaried,30,31.638574217090945,No,Business,Approved
98781,702,341444,Self-Employed,15,39.78399120807647,Yes,Personal,Rejected
80403,742,402025,Self-Employed,25,14.030770258480088,No,Business,Approved
49124,622,60749,Salaried,25,56.978429451258286,Yes,Personal,Rejected
115435,689,154131,Unemployed,30,47.75668087225979,No,Car,Approved
63919,736,206193,Salaried,10,39.331195914183134,No,Car,Approved
128761,842,440707,Unemployed,10,51.42193354694954,No,Car,Rejected
141305,610,349631,Salaried,15,14.009337840605664,No,Business,Rejected
55247,747,275019,Self-Employed,5,33.841943886656225,No,Home,Approved
141172,844,476577,Salaried,30,41.50465634308317,No,Business,Approved
114758,560,333367,Salaried,25,51.43264530591446,No,Business,Rejected
111747,611,122930,Self-Employed,30,49.17347800246338,No,Education,Rejected
82752,775,195128,Self-Employed,15,23.85346248566998,No,Education,Approved
76573,702,340524,Salaried,20,57.04400847796021,No,Business,Rejected
79101,748,338179,Salaried,20,16.21729207154352,No,Personal,Approved
122756,601,342764,Self-Employed,15,53.75668093105761,No,Education,Rejected
46646,809,463093,Self-Employed,25,58.547012480230926,No,Business,Rejected
124185,608,306553,Unemployed,15,18.85767616113128,No,Home,Rejected
43049,621,498532,Self-Employed,25,46.10330321018927,No,Personal,Rejected
99605,697,245113,Unemployed,10,12.014275938899923,No,Car,Approved
118116,612,429504,Self-Employed,15,30.271141256957748,Yes,Business,Rejected
117379,792,103352,Salaried,25,35.8141649598837,No,Business,Approved
88385,656,474127,Salaried,15,39.0322612954817,No,Personal,Approved
146131,775,213856,Self-Employed,15,56.79686241242798,No,Education,Rejected
60158,767,53191,Self-Employed,25,43.61253436470973,No,Education,Approved
85417,790,476376,Salaried,25,34.06389756096185,No,Education,Approved
43289,808,402680,Salaried,5,50.48375181329447,Yes,Car,Rejected
130226,811,154576,Unemployed,15,57.526641047720446,No,Personal,Rejected
120793,554,245713,Salaried,20,11.103307434114543,Yes,Personal,Rejected
29823,810,492939,Salaried,15,59.126063612801936,Yes,Education,Rejected
80160,603,53631,Salaried,15,14.306606953184016,No,Education,Rejected
61975,596,187244,Salaried,25,50.71933896343807,No,Home,Rejected
29540,764,354224,Salaried,15,24.016737627570624,No,Home,Approved
36364,726,270169,Salaried,30,16.608982887693585,No,Business,Approved
24611,558,140353,Salaried,15,31.992781985691746,Yes,Business,Rejected
47663,648,463497,Self-Employed,30,42.19782897238068,No,Personal,Rejected
71991,569,78671,Salaried,20,29.04759225117375,No,Personal,Rejected
77679,790,172811,Self-Employed,25,12.728270414134947,No,Car,Approved
124182,610,232503,Self-Employed,15,39.97305698293583,No,Car,Rejected
50977,727,271972,Salaried,30,55.120163805533736,No,Home,Rejected
114704,611,303211,Self-Employed,30,29.160768297362583,No,Business,Rejected
69115,694,439878,Salaried,30,20.81663888154135,Yes,Home,Rejected
111007,765,274033,Self-Employed,10,32.12886729664077,No,Home,Approved
108223,552,471818,Salaried,5,12.418135552439043,No,Business,Rejected
80890,709,269861,Self-Employed,20,51.02437922401374,Yes,Car,Rejected
86387,776,363543,Self-Employed,15,51.317040547509336,Yes,Business,Rejected
38071,818,204544,Salaried,10,39.40002317148142,No,Education,Approved
79275,669,230302,Salaried,15,27.655144446919476,No,Education,Approved
92369,638,57099,Self-Employed,15,49.989168222289166,Yes,Education,Rejected
31938,617,299686,Self-Employed,25,37.73435123941836,No,Personal,Rejected
55195,647,468647,Salaried,25,51.29661542750081,No,Car,Rejected
111680,816,106492,Self-Employed,25,41.57293962915103,No,Car,Approved
24000,654,146722,Salaried,10,49.22027366063986,No,Personal,Approved
90588,672,490900,Self-Employed,15,39.928149660887996,No,Home,Approved
121042,578,80111,Salaried,5,30.70705341078331,No,Education,Rejected
113610,686,113936,Self-Employed,20,57.89729299630688,No,Education,Rejected
140420,744,203686,Salaried,25,37.055691243942235,No,Home,Approved
123691,775,273332,Salaried,25,40.25447592702692,No,Business,Approved
126306,719,485207,Salaried,15,21.024381970737462,Yes,Business,Rejected
117856,558,251548,Salaried,15,41.28253947136382,No,Car,Rejected
58304,589,299031,Salaried,10,38.58038247414719,No,Personal,Rejected
131783,574,373064,Salaried,10,19.241919897351245,No,Car,Rejected
89449,810,113530,Self-Employed,25,12.979354867657186,No,Business,Approved
102986,775,479440,Salaried,15,40.21796598573856,No,Home,Approved
109643,673,319932,Salaried,5,48.18461346751603,No,Car,Approved
40764,587,78082,Salaried,20,36.17006854610041,No,Education,Rejected
128940,800,435431,Salaried,15,21.338631265982286,No,Education,Approved
106027,725,139570,Salaried,15,43.326098834651745,No,Home,Approved
58494,639,151015,Salaried,30,14.005286330480113,No,Business,Rejected
23373,586,257888,Salaried,10,32.09168524009773,No,Education,Rejected
32161,725,395732,Salaried,20,18.168337919921008,No,Education,Approved
117532,833,197603,Salaried,25,19.22295255299417,Yes,Personal,Rejected
112658,630,400484,Salaried,15,20.114697457910182,No,Car,Rejected
143633,663,144439,Salaried,25,29.335352852198895,No,Business,Approved
120386,589,488073,Salaried,15,12.557510281019882,No,Car,Rejected
47350,773,191214,Unemployed,25,29.88967204645491,No,Business,Approved
113008,664,165053,Salaried,20,35.585372355735046,No,Education,Approved
114297,735,98355,Self-Employed,10,34.16471424831626,No,Personal,Approved
45351,605,453082,Salaried,20,29.139205020152026,No,Car,Rejected
108668,589,251139,Self-Employed,30,51.957330403537625,No,Education,Rejected
134585,589,284706,Self-Employed,5,17.266334621025205,No,Business,Rejected
35305,786,175426,Salaried,10,35.284837189068696,No,Car,Approved
95353,838,114027,Unemployed,20,13.102070847827715,No,Car,Approved
96797,811,209210,Salaried,30,13.557783943895487,No,Education,Approved
85953,765,142601,Salaried,5,38.69329248385482,No,Car,Approved
77458,696,79956,Self-Employed,30,38.30092124439105,Yes,Personal,Rejected
127112,717,288340,Self-Employed,15,53.90167564222285,No,Personal,Rejected
40358,641,154797,Salaried,15,37.89368378300366,No,Education,Rejected
23267,608,437061,Salaried,25,57.98955102024251,No,Business,Rejected
102745,608,438447,Salaried,10,12.434742419996489,No,Education,Rejected
109588,718,186511,Salaried,15,14.900384239037052,No,Personal,Approved
58513,818,490457,Self-Employed,30,12.20329307851907,No,Home,Approved
46092,594,354677,Salaried,10,19.263842516677002,Yes,Home,Rejected
31338,730,471486,Salaried,15,37.063505547083906,No,Car,Approved
20412,719,128815,Salaried,25,42.2786090713714,No,Car,Approved
27543,740,89279,Salaried,20,12.279257897433439,No,Home,Approved
125891,704,421931,Salaried,25,57.298544492279966,No,Personal,Rejected
53496,737,467104,Self-Employed,5,52.10826883251905,No,Car,Rejected
80692,556,198702,Unemployed,15,24.830624107854657,Yes,Education,Rejected
109084,682,111063,Self-Employed,5,13.859376511323397,No,Education,Approved
112920,784,299599,Salaried,5,18.494353660952864,No,Personal,Approved
143555,594,304311,Self-Employed,30,16.34722068774863,No,Car,Rejected
64425,798,177896,Self-Employed,10,16.164188964947343,No,Education,Approved
58756,580,216216,Self-Employed,30,35.9280844332867,No,Car,Rejected
38888,572,495377,Salaried,15,22.292372124670017,No,Car,Rejected
55735,709,272146,Salaried,5,27.906985826457223,No,Education,Approved
67295,707,258432,Salaried,20,59.475266669216126,No,Home,Rejected
137474,588,232051,Salaried,5,44.21571244626724,No,Education,Rejected
134352,631,147661,Salaried,20,57.44903335235007,No,Personal,Rejected
103042,807,450195,Salaried,30,17.12782775165578,No,Business,Approved
105999,755,469405,Salaried,30,29.106973741628465,No,Education,Approved
37955,626,223672,Self-Employed,10,37.736590164117715,No,Car,Rejected
57841,561,173257,Salaried,5,13.8379030944369,No,Car,Rejected
90640,844,398349,Salaried,25,10.209372181397892,No,Education,Approved
85510,773,319054,Unemployed,30,43.521716689845874,No,Business,Approved
54911,562,359001,Unemployed,30,42.09097584007176,Yes,Education,Rejected
79031,595,84964,Self-Employed,10,30.53944049998059,Yes,Business,Rejected
108726,704,468443,Unemployed,20,34.48220380160163,No,Business,Approved
27357,662,449194,Salaried,10,30.77215002960448,No,Personal,Approved
52479,782,329297,Unemployed,5,11.200252242244442,No,Car,Approved
81476,566,371909,Salaried,15,26.768580310873123,No,Car,Rejected
64811,772,280156,Salaried,15,18.854112769864493,No,Business,Approved
56208,737,158212,Salaried,20,14.921209455068437,Yes,Car,Rejected
40150,712,89071,Salaried,30,57.83602169446749,No,Home,Rejected
91180,623,162990,Salaried,20,39.96798625210828,No,Business,Rejected
63286,782,119519,Self-Employed,30,46.432814211830134,No,Car,Approved
132856,773,59503,Self-Employed,30,25.768187163305875,No,Home,Approved
88450,609,241775,Salaried,15,29.65735647470076,No,Personal,Rejected
41352,771,145457,Salaried,20,21.846199694836173,No,Car,Approved
75069,586,238938,Self-Employed,10,14.848283548271237,No,Home,Rejected
131888,827,197977,Self-Employed,30,18.95158187207919,No,Education,Approved
130448,745,95838,Salaried,25,49.87570226482429,No,Education,Approved
34397,791,437344,Self-Employed,25,43.87729025918879,No,Home,Approved
61555,768,139489,Salaried,10,37.34644379927384,Yes,Business,Rejected
66959,741,76806,Salaried,25,33.75449364333841,No,Business,Approved
20728,566,226072,Unemployed,5,56.12171418280622,Yes,Car,Rejected
70517,561,465384,Salaried,30,13.63674738893342,No,Education,Rejected
139180,742,120119,Salaried,10,24.030040661895796,No,Business,Approved
86234,571,350858,Self-Employed,20,27.4968926785357,No,Business,Rejected
59954,669,235165,Self-Employed,30,49.12129061063939,No,Education,Approved
67280,759,367563,Salaried,10,59.62573100809857,Yes,Personal,Rejected
99459,819,492361,Salaried,15,22.03352573785765,No,Business,Approved
36779,741,155432,Salaried,20,53.71536670685403,No,Home,Rejected
83932,724,405093,Self-Employed,15,51.53113802158956,No,Car,Rejected
92936,834,445677,Salaried,30,21.23286988208833,Yes,Business,Rejected
44466,753,457507,Salaried,20,29.966629009961128,No,Business,Approved
56939,713,227876,Unemployed,25,30.483643464625956,Yes,Personal,Rejected
89896,800,389115,Salaried,10,58.91103342632792,Yes,Home,Rejected
55270,776,405615,Salaried,30,19.044595068944915,No,Car,Approved
79163,556,377090,Salaried,5,49.957898555239105,No,Business,Rejected
102637,578,411133,Self-Employed,20,26.709635708655497,No,Car,Rejected
71934,582,134080,Salaried,20,46.54351728880802,Yes,Education,Rejected
84895,683,302791,Salaried,30,31.000550214783143,No,Business,Approved
52307,628,127794,Self-Employed,30,38.917988155827004,No,Business,Rejected
74098,607,342985,Salaried,15,51.63058866630656,No,Education,Rejected
80921,575,174447,Salaried,25,50.20827824919421,No,Personal,Rejected
25486,775,170029,Salaried,15,53.321159176985006,No,Business,Rejected
28335,834,229830,Salaried,15,12.980866267232951,No,Car,Approved
106900,553,388416,Salaried,25,44.602527651987245,No,Home,Rejected
146020,648,87643,Salaried,5,16.999368836088145,No,Car,Rejected
141954,588,493624,Salaried,15,30.79092840092055,No,Personal,Rejected
122795,820,356094,Salaried,15,37.42942075273442,No,Home,Approved
109112,834,237921,Self-Employed,20,30.136974237341537,No,Car,Approved
117203,706,412644,Unemployed,25,35.980583790150376,No,Car,Approved
31130,624,209116,Self-Employed,10,59.82631543993096,Yes,Education,Rejected
107508,837,437732,Self-Employed,5,16.760865685642734,No,Personal,Approved
125955,679,65997,Salaried,5,43.77280226682128,No,Education,Approved
138324,724,391895,Unemployed,25,29.800048319280762,No,Home,Approved
80566,633,148605,Salaried,30,16.650489945366438,No,Education,Rejected
86703,571,467127,Unemployed,30,17.936838168715475,No,Personal,Rejected
47192,576,367677,Unemployed,20,57.46365531228084,No,Business,Rejected
21062,744,394710,Self-Employed,20,53.9800748355881,No,Business,Rejected
104076,785,275942,Unemployed,25,55.35209802075109,No,Home,Rejected
109780,641,195643,Salaried,20,59.57663879136933,No,Business,Rejected
41545,570,158255,Salaried,5,20.415769500425895,Yes,Education,Rejected
41689,633,310298,Salaried,5,27.771966868203087,No,Home,Rejected
31174,811,108005,Salaried,10,43.46095149624333,Yes,Personal,Rejected
108461,696,267322,Salaried,30,34.190126993032365,No,Home,Approved
146174,806,239784,Self-Employed,25,30.919476668916676,No,Home,Approved
123033,607,93541,Unemployed,15,27.890562466779652,No,Car,Rejected
29348,564,73387,Salaried,30,39.689031597172615,No,Car,Rejected
43714,711,406124,Self-Employed,15,38.7796714320041,No,Home,Approved
58102,712,229980,Unemployed,10,18.072891703212004,No,Business,Approved
94460,830,135457,Unemployed,10,33.58699187592195,No,Car,Approved
122634,829,194129,Unemployed,20,37.67358881049249,No,Personal,Approved
109930,561,114028,Salaried,10,38.514346936569524,No,Education,Rejected
26801,823,169246,Unemployed,10,20.505359645617588,No,Car,Approved
123150,820,367875,Self-Employed,15,47.11356961261434,No,Home,Approved
92267,757,205930,Salaried,20,11.259954741053482,No,Business,Approved
68136,576,229761,Salaried,10,27.741592777158132,No,Education,Rejected
43625,621,94638,Self-Employed,30,49.010632426781676,No,Car,Rejected
102873,609,227558,Salaried,10,38.19464605277012,No,Business,Rejected
120843,694,70567,Self-Employed,20,23.058121625543013,Yes,Business,Rejected
92592,642,472955,Self-Employed,25,44.74765596715238,No,Business,Rejected
97052,557,107804,Salaried,20,38.36954720780367,No,Home,Rejected
64261,628,420965,Salaried,15,49.81218047281936,No,Personal,Rejected
21542,576,53754,Self-Employed,25,46.75125930949117,No,Business,Rejected
41677,723,77044,Salaried,30,40.50539610181173,No,Education,Approved
66732,599,117260,Salaried,5,34.4088837655407,No,Car,Rejected
70343,748,116912,Salaried,20,16.65910628337617,No,Education,Approved
59081,730,306695,Salaried,15,23.066650894269188,No,Home,Approved
82856,573,58706,Unemployed,30,30.954973645854263,No,Home,Rejected
113105,595,321038,Salaried,25,39.964964350319434,No,Education,Rejected
108858,564,461253,Self-Employed,30,35.68539276076524,Yes,Personal,Rejected
39065,702,396130,Salaried,20,24.409226297976474,No,Home,Approved
144097,771,394086,Salaried,10,10.323217889485527,No,Home,Approved
103460,755,232684,Self-Employed,20,34.8119610950407,No,Education,Approved
108092,822,79725,Self-Employed,5,24.281299428112156,Yes,Home,Rejected
146116,785,186998,Salaried,20,46.730415035526754,No,Personal,Approved
74693,777,154555,Salaried,25,11.197313263524174,No,Personal,Approved
46962,558,311486,Salaried,25,39.24139056528954,No,Personal,Rejected
48295,715,321640,Salaried,20,57.07371187530327,No,Car,Rejected
33807,763,106447,Self-Employed,25,18.720463355574978,Yes,Personal,Rejected
62348,666,413748,Salaried,10,33.58247453752977,No,Personal,Approved
46432,621,210878,Salaried,30,14.571099590856909,No,Car,Rejected
103285,613,400343,Salaried,20,41.284095613067635,No,Business,Rejected
126995,754,91321,Unemployed,10,37.526584029811275,Yes,Home,Rejected
111792,758,303113,Unemployed,30,30.368276210641618,No,Personal,Approved
77854,621,283103,Salaried,30,36.06885107368706,No,Home,Rejected
60262,826,465872,Self-Employed,10,54.82873292345051,No,Education,Rejected
57080,823,105147,Salaried,15,19.81471511555335,Yes,Home,Rejected
21324,644,141396,Salaried,20,11.128225585267362,No,Car,Rejected
111267,715,492882,Self-Employed,30,53.083244234955046,No,Home,Rejected
144707,581,350931,Unemployed,30,38.855854119395325,No,Home,Rejected
55909,560,294839,Unemployed,25,54.53292277309212,No,Home,Rejected
109339,766,71727,Salaried,30,39.847261170658626,No,Business,Approved
39870,838,289423,Salaried,10,50.50805449798512,No,Business,Rejected
54578,651,145081,Self-Employed,30,31.483668167757397,Yes,Education,Rejected
92124,816,434865,Salaried,15,47.49299656441344,No,Car,Approved
137611,763,291130,Salaried,20,55.6520733444928,Yes,Home,Rejected
123605,728,118056,Salaried,20,38.60614818611032,No,Home,Approved
46790,637,184153,Self-Employed,30,19.039257528118977,No,Home,Rejected
138874,590,215268,Salaried,5,23.43988075150991,No,Home,Rejected
45289,625,217807,Salaried,5,19.932228844870288,Yes,Business,Rejected
75129,595,285821,Unemployed,10,22.342851379786644,No,Education,Rejected
113714,709,130102,Salaried,5,25.32077246755182,No,Personal,Approved
114246,629,206570,Salaried,10,37.756689337659424,Yes,Car,Rejected
35485,635,126865,Salaried,25,39.39958147319164,Yes,Home,Rejected
64482,641,212728,Salaried,10,31.324987362093058,Yes,Education,Rejected
106188,697,117695,Salaried,5,40.77103899104177,No,Personal,Approved
24748,710,481116,Salaried,30,14.078746280568296,No,Education,Approved
106769,751,167235,Self-Employed,25,14.389411852907998,No,Business,Approved
29435,791,490917,Salaried,5,18.591473017882922,Yes,Personal,Rejected
23709,551,158777,Unemployed,10,35.903874902017236,No,Education,Rejected
143961,774,69033,Salaried,15,20.699733934915677,No,Business,Approved
50355,838,191877,Salaried,20,24.164220174628866,No,Education,Approved
75771,782,216923,Salaried,5,30.015641808649704,No,Education,Approved
77799,626,76832,Salaried,10,50.59330620051899,Yes,Personal,Rejected
33116,665,244509,Self-Employed,25,10.693106795643006,Yes,Business,Rejected
45470,703,427869,Salaried,5,42.46894101183112,Yes,Home,Rejected
62344,652,195016,Salaried,5,43.44382655203427,No,Car,Approved
62918,743,332017,Self-Employed,20,49.93278901783183,Yes,Personal,Rejected
72224,715,90372,Unemployed,10,56.63764695301566,No,Business,Rejected
59298,639,139464,Self-Employed,15,11.006892447464491,No,Education,Rejected
128492,723,196451,Salaried,25,17.689185275660808,No,Business,Approved
100219,671,167322,Self-Employed,10,54.30856470279965,No,Car,Rejected
81629,692,217823,Salaried,25,32.925928109350764,No,Car,Approved
86040,655,412226,Salaried,5,38.22953194667318,No,Home,Approved
119518,672,270894,Salaried,20,43.15136018615737,Yes,Home,Rejected
119835,558,317254,Salaried,20,43.95333022478187,No,Car,Rejected
48016,811,497557,Salaried,30,56.58702016582541,No,Personal,Rejected
43960,622,324231,Salaried,15,59.847470870583486,No,Personal,Rejected
53591,772,466978,Self-Employed,20,46.00787304654701,No,Education,Approved
102848,590,394761,Salaried,5,24.36106046025754,No,Home,Rejected
123333,753,150483,Salaried,15,53.98762011471718,No,Education,Rejected
131732,813,59596,Salaried,10,12.46104572703808,No,Home,Approved
134821,727,284627,Unemployed,20,21.55404264372481,No,Car,Approved
87641,633,157539,Salaried,15,54.869285873185746,Yes,Personal,Rejected
56395,660,68313,Salaried,5,22.809575721967747,No,Personal,Approved
131276,800,425319,Self-Employed,30,21.032552981087424,No,Car,Approved
149695,556,247621,Self-Employed,25,16.90626465701236,No,Education,Rejected
42700,633,164914,Salaried,25,52.955587882345824,No,Education,Rejected
54620,757,73705,Self-Employed,5,35.00291295955434,No,Business,Approved
123214,571,248436,Self-Employed,5,43.74466015270774,Yes,Home,Rejected
148148,552,385589,Self-Employed,25,21.953319203751484,No,Education,Rejected
40559,676,153892,Salaried,30,47.902021050560826,No,Car,Approved
113045,846,259717,Self-Employed,15,48.00027724810492,No,Education,Approved
113396,737,314167,Salaried,25,25.629901245415006,Yes,Personal,Rejected
81642,563,169654,Salaried,5,30.53413165051414,No,Home,Rejected
96539,561,240868,Salaried,20,20.484513871510043,No,Business,Rejected
41732,636,130073,Salaried,10,58.828051166145215,No,Home,Rejected
148675,561,404341,Salaried,30,42.28012885292058,No,Personal,Rejected
111362,574,114429,Self-Employed,30,56.727194035775774,Yes,Personal,Rejected
50354,792,154195,Salaried,20,25.169277181456657,No,Personal,Approved
33843,671,242699,Salaried,20,49.094545649844484,No,Personal,Approved
130008,696,83848,Salaried,5,48.2929321942371,No,Car,Approved
134065,604,481020,Salaried,25,44.582782593327074,No,Business,Rejected
91726,787,458595,Unemployed,15,58.28194876334002,Yes,Personal,Rejected
37640,722,339910,Salaried,30,29.677766805315777,No,Personal,Approved
72528,770,118099,Salaried,30,16.535866179487865,No,Education,Approved
58413,668,479276,Salaried,20,43.58544296220304,No,Business,Approved
148142,732,119122,Salaried,25,46.46549002386031,No,Home,Approved
72638,837,197159,Salaried,30,38.75302867294073,No,Business,Approved
72736,849,98868,Self-Employed,15,20.340894656669814,No,Business,Approved
127892,631,169119,Unemployed,20,35.22279708346777,Yes,Business,Rejected
130133,760,466441,Salaried,15,25.60948682845647,No,Personal,Approved
126357,699,407430,Self-Employed,25,31.373326408334453,No,Personal,Approved
88866,586,318787,Self-Employed,30,42.260928792233194,No,Car,Rejected
39087,608,348871,Self-Employed,10,47.26073713454173,No,Home,Rejected
61430,680,454221,Salaried,30,21.611234545067155,No,Education,Approved
44504,751,159079,Salaried,25,30.266268032347668,No,Business,Approved
27114,792,377841,Salaried,30,23.458078549581458,No,Home,Approved
98859,584,66029,Self-Employed,30,19.931580693093455,No,Home,Rejected
119657,642,296353,Self-Employed,5,49.16936099979192,No,Car,Rejected
30975,756,457442,Salaried,30,55.46263472184962,Yes,Education,Rejected
31023,762,244718,Salaried,30,28.511609284228836,No,Business,Approved
41447,708,471947,Unemployed,15,47.56394621868834,Yes,Education,Rejected
110469,573,421602,Self-Employed,10,54.849764468220556,No,Car,Rejected
145899,842,422528,Unemployed,15,52.30621052651158,No,Personal,Rejected
43959,553,118926,Self-Employed,15,19.140669426961296,No,Home,Rejected
86203,769,187069,Salaried,20,57.81459407566807,No,Business,Rejected
139156,569,367650,Salaried,5,28.833822021473125,No,Personal,Rejected
49703,701,390373,Self-Employed,15,26.962033058691816,Yes,Car,Rejected
29337,599,493031,Salaried,25,13.121566363889016,No,Education,Rejected
66427,726,92092,Salaried,25,34.30868270524415,No,Home,Approved
141507,645,374683,Self-Employed,30,15.450680782046435,No,Business,Rejected
81529,654,202889,Salaried,20,22.4269910463713,No,Personal,Approved
122023,799,218933,Self-Employed,5,25.84713108836407,No,Personal,Approved
104665,666,63428,Salaried,5,50.4413161745842,No,Home,Rejected
125787,777,225006,Unemployed,30,53.77443251979483,No,Education,Rejected
51921,615,296627,Salaried,25,25.123315873073484,No,Car,Rejected
53307,811,295439,Salaried,10,52.93490606222869,Yes,Education,Rejected
47355,844,191330,Self-Employed,20,52.861546868489555,Yes,Education,Rejected
123268,792,107775,Salaried,30,48.232547519243674,No,Education,Approved
147016,735,262652,Self-Employed,20,17.334755700759075,No,Home,Approved
24835,795,317613,Self-Employed,25,44.51614234503645,No,Home,Approved
40159,674,340998,Salaried,25,57.25120322902844,Yes,Car,Rejected
124346,817,187328,Salaried,10,44.12702393835785,No,Education,Approved
67605,680,305158,Salaried,10,26.580842455391696,No,Home,Approved
141790,786,126256,Salaried,5,35.028965871541565,No,Car,Approved
125616,567,477153,Unemployed,20,42.28625216755268,No,Car,Rejected
58088,589,411278,Self-Employed,20,35.52852043642518,Yes,Education,Rejected
